{
      "SICK": "yes",
      "IRRITABILITY": "yes",
      "UNFOCUSED": "yes",
      "RESTLESNESS": "yes",
      "ANXIETY": "yes",
      "DISORDER": "POST TRAUMATIC STRESS DISORDER",
      "MOOD SWINGS": "no",
      "SOCIAL ISOLATION": "no",
      "PERSONALITY DISEASE": "no",
      "SADNESS": "no",
      "ANGRY": "no",
      "DEPRESSION": "no",
      "CHRONIC BRAIN DISEASE": "no",
      "PSYCHOTIC": "no",
      "SLEEP DISEASE": "no",
      "FATIGUE": "no",
      "NIGHTMARES": "yes",
      "TRAUMA MEMORIES": "yes"
}