{
      "THOUGHT DISORDER": "no",
      "COMPULSIVE HOARDING": "no",
      "URGE TO STEAL": "no",
      "TALKATIVENESS": "no",
      "LOSS OF INTEREST": "no",
      "INDECISIVENESS": "no",
      "MEMORY LOSS": "no",
      "PERSONALITY CHANGES": "no",
      "LACK OF CONCENTRATION": "no",
      "CHANGE IN REM SLEEP": "no",
      "UNEXPLAINABLE BODY ACHES": "no",
      "FEAR": "yes",
      "TREATMENT": [
            "SERATINE",
            "AROXENTINE",
            "EYE MOVEMENT DESENSITIZATION AND REPROCESSING"
      ]
}